PromoCode,PromoName,SoSKU,NgayHieuLuc,NgayCoBanBiPhu,TuNgay,DenNgay,KeoDaiNgay,UngVienThuongTruc,DanhSachSKU
-1294,113 Combo 1 thùng 6 hộp Sữa yến mạch Oatside Barista Blend 1L - 8997240600041,1,399,399,2024-10-07,2025-12-31,451,UNG_VIEN,55013
-705,Combo 2 chai Dầu gạo Nhật Bản Tsuno nguyên chất 1500g,1,317,317,2024-01-04,2024-12-31,363,UNG_VIEN,31054
-162,Combo 2 chai Dầu gạo Nhật Bản Tsuno nguyên chất 1500g,1,280,280,2023-02-03,2023-12-31,332,UNG_VIEN,31054
-1348,Combo 2 chai Dầu gạo Nhật Bản Tsuno nguyên chất 1500g,1,216,216,2024-10-25,2025-06-30,249,UNG_VIEN,31054
7276,Combo 2 chai dầu gạo Nhật Bản Tsuno nguyên chất 1500g ,1,209,209,2022-06-01,2023-01-31,245,UNG_VIEN,31054
-2533,Combo 2 chai Dầu gạo Nhật Bản Tsuno nguyên chất 1500g,1,170,170,2025-07-01,2025-12-31,184,UNG_VIEN,31054
49486,HACHI KHUYẾN MÃI (1/12 - 4/1/2026),11,163,163,2025-12-01,2026-01-04,35,,41297 46746 48902 52198 52561 54620 55013 55077 59242 59732 60454
49491,HACHI KHUYẾN MÃI (1/12 - 4/1),11,163,163,2025-12-01,2026-01-04,35,,41297 46746 48902 52198 52561 54620 55013 55077 59242 59732 60454
49026,HACHI KHUYẾN MÃI (1/3 - 31/3),12,158,158,2025-03-01,2025-03-31,31,,41297 46746 48902 52198 52561 54620 55013 55077 58510 59527 59732 60426
48682,HÀNG TUYỂN GIÁ SỐC (DÀNH RIÊNG WEBSITE),1,155,155,2024-10-01,2025-03-31,182,UNG_VIEN,31054
49153,HACHI KHUYẾN MÃI (5/5 - 1/6),11,155,155,2025-05-05,2025-06-01,28,,31054 41297 48902 52198 52561 54620 55077 58510 59527 59732 60426
49107,HACHI KHUYẾN MÃI (1/4 - 4/5),10,140,140,2025-04-01,2025-05-04,34,,46746 47789 48902 52198 54620 55013 55077 59242 59527 60426
49381,HACHI KHUYẾN MÃI (1/10 - 31/10),10,137,137,2025-10-01,2025-10-31,31,,41817 48902 52198 52561 54620 55013 55077 58302 59242 60105
-407,Combo 2 chai Dầu gạo Nhật Bản Tsuno nguyên chất 1500g,1,131,131,2023-08-08,2023-12-31,146,,31054
2343,Best Price - Combo 2 chai dầu gạo Tsuno 1500g,1,128,128,2022-01-01,2022-05-30,150,,31054
49256,HACHI KHUYẾN MÃI (1/7 - 31/7),11,126,126,2025-07-01,2025-07-31,31,,41297 46746 48902 52198 54620 55013 55077 58510 59527 60426 60883
49272,HACHI KHUYẾN MÃI (1/7 -31/7),11,126,126,2025-07-01,2025-07-31,31,,41297 46746 48902 52198 54620 55013 55077 58510 59527 60426 60883
7497,(1/10-31/10) HACHI KHUYẾN MÃI,7,120,120,2022-10-01,2022-10-31,31,,31054 47789 52198 52561 54620 55013 55077
49197,HACHI KHUYẾN MÃI (2/6 - 30/6),11,118,118,2025-06-02,2025-06-30,29,,46746 48902 52198 52561 54620 55013 55077 58473 59242 60426 60454
49419,HACHI KHUYẾN MÃI (1/11 - 30/11),9,117,117,2025-11-01,2025-11-30,30,,41297 46746 48902 54620 54734 55013 55077 58473 58510
49430,HACHI KHUYẾN MÃI (1/11 - 30/11),9,117,117,2025-11-01,2025-11-30,30,,41297 46746 48902 54620 54734 55013 55077 58473 58510
49225,HACHI KHUYẾN MÃI (3/6-30/6),11,116,116,2025-06-03,2025-06-30,28,,46746 48902 52198 52561 54620 55013 55077 58473 59242 60426 60454
48779,HACHI KHUYẾN MÃI (2/12 - 1/1/2025),11,105,105,2024-12-02,2025-01-01,31,,41297 41817 46746 47789 48902 52561 54734 55013 55077 58302 58510
48666,HACHI KHUYẾN MÃI (1/10 - 31/10),9,92,92,2024-10-01,2024-10-31,31,,46746 48902 52198 52561 54734 55013 55077 58302 59527
49337,HACHI KHUYẾN MÃI (3/9 - 30/9),9,91,91,2025-09-03,2025-09-30,28,,46746 47789 48902 52198 52561 54620 55077 58473 59242
48942,HACHI KHUYẾN MÃI (3/2 - 28/2),12,85,85,2025-02-03,2025-02-27,25,,41297 46746 48902 52198 52561 55077 58510 59242 59527 59732 60426 60454
49302,HACHI KHUYẾN MÃI (1/8 - 2/9),6,82,82,2025-08-01,2025-09-02,33,,55013 55077 59242 60105 60883 61132
49528,HACHI GIỚI THIỆU: VUI TIỆC TẾT - TRÒN VỊ XUÂN (5/1 - 15/2),3,81,81,2026-01-06,2026-02-13,39,,52198 52561 54620
38043,HACHI KHUYẾN MÃI (2/10-31/10),5,77,77,2023-10-02,2023-10-31,30,,48902 52198 52561 54734 55077
48513,HACHI KHUYẾN MÃI (1/7 -31/7),6,74,74,2024-07-01,2024-07-31,31,,47789 52198 52561 54620 55077 59242
38147,HACHI KHUYẾN MÃI (1/12/2023-1/1/2024),8,73,73,2023-12-01,2024-01-01,32,,46746 47789 52561 54620 54734 55077 58508 58510
48697,HACHI KHUYẾN MÃI (8/10 - 31/10),9,73,73,2024-10-08,2024-10-31,24,,46746 48902 52198 52561 54734 55013 55077 58302 59527
48569,SIÊU SALE SINH NHẬT (1/8 -21/8),7,70,70,2024-08-01,2024-08-21,21,,41297 46746 48902 52561 54620 55077 58473
49530,HACHI KHUYẾN MÃI (5/1 - 15/2/2026),9,68,68,2026-01-05,2026-02-14,41,,41297 46746 55013 55077 55437 58510 59732 60454 61132
27954,HACHI KHUYẾN MÃI (1/8-4/9),4,64,64,2023-08-03,2023-09-04,33,,46746 52561 55013 55077
49609,MEGA SALE DÀNH RIÊNG PHÚ MỸ HƯNG ,16,63,63,2026-02-05,2026-02-14,10,,31054 41297 41817 47789 48902 52198 54620 55013 55077 55437 57070 58510 59242 59527 61048 61433
49626,MEGA SALE DÀNH RIÊNG PHÚ MỸ HƯNG,16,63,63,2026-02-05,2026-02-14,10,,31054 41297 41817 47789 48902 52198 54620 55013 55077 55437 57070 58510 59242 59527 61048 61433
49115,(28.03~30.04) HCP THANH LY 04.2025 LAN 1,2,61,61,2025-03-28,2025-04-30,34,,55013 55077
17642,TIỆC TẾT SUM VẦY,5,60,60,2022-12-26,2023-01-11,17,,47789 48902 52198 52561 54620
48627,HACHI KHUYẾN MÃI (4/9 - 30/9),6,59,59,2024-09-04,2024-09-30,27,,41297 46746 48902 52561 55013 59242
38094,HACHI KHUYẾN MÃI (1/11-30/11),4,59,59,2023-11-01,2023-11-30,30,,46746 48902 55013 55077
48828,HACHI GIỚI THIỆU: CHIÊU ĐÃI TIỆC TẾT (2/1-27/1),3,59,59,2025-01-02,2025-01-26,25,,52198 52561 54620
48832,TẾT RỘN RÀNG NGÀN ƯU ĐÃI (2/1-27/1),9,58,58,2025-01-02,2025-01-27,26,,46746 54734 55013 55077 57070 58302 58510 59242 60105
38319,HACHI KHUYẾN MÃI (1/3 - 31/3),6,57,57,2024-03-02,2024-03-31,30,,41297 46746 52198 54620 55077 58473
48721,HACHI KHUYẾN MÃI (1/11 - 1/12),5,57,57,2024-11-02,2024-12-01,30,,55013 55077 59242 59527 60105
38402,HACHI KHUYẾN MÃI (2/5 -2/6),5,55,55,2024-05-02,2024-06-02,32,,46746 55013 55077 58466 59242
48635,30.08~30.09) HCP THANH LY 08.2024 LAN 1,4,54,54,2024-08-30,2024-09-30,32,,48902 52198 55077 58302
49300,ĐẠI TIỆC SINH NHẬT (1/8 - 31/8),5,53,53,2025-08-01,2025-08-31,31,,41297 46746 48902 52561 58473
38208,"SẮM TẾT THẢ GA, HACHI TRỢ GIÁ (2/1-8/2)",5,51,51,2024-01-03,2024-02-07,36,,46746 55013 55077 57070 58508
48690,(01.10~31.10) HC1 THANH LY 10.2024 LAN 1,2,51,51,2024-10-01,2024-10-31,31,,55013 55077
48691,(01.10~31.10) HCP THANH LY 10.2024 LAN 1,2,51,51,2024-10-01,2024-10-31,31,,55013 55077
7038,Combo Dầu gạo Nhật Bản Tsuno 1500g và Bột ngọt Ajinomoto 1kg,2,50,50,2022-01-01,2022-02-07,38,,31054 52561
7268,(1/6 - 30/6) HACHI KHUYẾN MÃI,5,50,50,2022-06-01,2022-06-30,30,,31054 46746 47789 48902 52198
27904,"NẤU ĂN ""CHUẨN"" VỊ NHẬT (30/6-23/7)",3,50,50,2023-06-30,2023-07-23,24,,52198 52561 54620
38407,GIA VỊ NHẬT BẢN (2/5 -31/5),3,50,50,2024-05-02,2024-05-31,30,,52198 52561 54620
38359,HACHI KHUYẾN MÃI (1/4 - 1/5),6,49,49,2024-04-01,2024-05-01,31,,41297 48902 52561 54734 58302 58510
-2395,Combo mua Dầu gạo Nhật Bản Tsuno nguyên chất 1500g giá 235k tặng 1 gói Mì Ramen ăn liền Mama 360g (12 góix30g),2,47,47,2025-05-05,2025-06-01,28,,31054 55077
7213,(28/4-31/5) HACHI KHUYẾN MÃI,3,47,47,2022-04-28,2022-05-30,33,,47789 52198 52561
7353,(1/8-31/8) HACHI KHUYẾN MÃI,5,45,45,2022-08-01,2022-08-31,31,,46746 47789 52561 54620 54734
-3610,Combo siêu tiết kiệm 1 thùng 30 lon Nước ngọt Coca Cola Nhật Bản 160ml,1,43,43,2025-12-04,2026-01-31,59,,48902
-3616,Combo siêu tiết kiệm 3 thùng 30 lon Nước ngọt Coca Cola Nhật Bản 160ml,1,43,43,2025-12-04,2026-01-31,59,,48902
-3619,Combo siêu tiết kiệm 4 thùng 30 lon Nước ngọt Coca Cola Nhật Bản 160ml,1,43,43,2025-12-04,2026-01-31,59,,48902
-4009,Combo siêu tiết kiệm 2 chai Dầu gạo Nhật Bản nguyên chất Tsuno 1500g (1636ml),1,42,42,2026-01-01,2026-02-14,45,,31054
7419,(1/9-30/9) HACHI KHUYẾN MÃI,5,41,41,2022-09-01,2022-09-30,30,,31054 47789 48902 55013 55077
-2274,Combo mua 2 chai Dầu gạo Nhật Bản Tsuno nguyên chất 1500g tặng 1 gói Mì Ramen ăn liền Mama 360g (12 góix30g),2,41,41,2025-04-14,2025-05-04,21,,31054 55077
17653,(01.01~31.01) HC3 THANH LY THANG 01.2023 LAN 1,2,41,41,2022-12-30,2023-01-31,33,,52198 55077
27796,HACHI KHUYẾN MÃI,5,40,40,2023-04-25,2023-05-31,37,,41297 41817 54620 54734 55077
27798,HACHI KHUYẾN MÃI,5,40,40,2023-04-25,2023-05-31,37,,41297 41817 54620 54734 55077
17695,HACHI KHUYẾN MÃI,4,40,40,2023-02-01,2023-02-27,27,,46746 52198 52561 55077
7149,(1/3-31/3) ƯU ĐÃI KHÁCH HÀNG THÂN THIẾT,2,40,40,2022-03-01,2022-03-31,31,,52198 52561
17738,CƠM NHÀ NHANH GỌN,2,40,40,2023-03-03,2023-03-26,24,,52198 54620
-608,Combo 1 thùng 30 lon Nước ngọt Coca Cola Nhật Bản 160ml,1,39,39,2023-12-15,2024-01-30,47,,48902
-4132,"Combo siêu hời mua 1 chai Dầu gạo Nhật Bản Tsuno nguyên chất 1500g (1636ml) giá 229,000đ tặng Giấy thấm dầu nấu ăn 45 tờ 22x20.8cm",1,38,38,2026-01-06,2026-02-14,40,,31054
7535,HACHI KHUYẾN MÃI,5,38,38,2022-11-01,2022-11-30,30,,47789 48902 54734 55077 55437
48904,(16.01~16.02) HCP THANH LY 01.2025 LAN 2,2,38,38,2025-01-16,2025-02-16,32,,48902 55077
49437,HACHI KHUYẾN MÃI (7/11 - 20/11),3,36,36,2025-11-07,2025-11-20,14,,31054 52198 52561
38206,VỊ NGON NGÀY TẾT (2/1-8/2),1,36,36,2024-01-02,2024-02-08,38,,48902
38466,HACHI KHUYẾN MÃI (3/6 -30/6),3,35,35,2024-06-03,2024-06-30,28,,46746 48902 55013
38251,(16.01~29.02) HC3 THANH LY 01.2024 LAN 2,1,35,35,2024-01-16,2024-02-29,45,,48902
-3575,Combo siêu hời mua Dầu gạo Nhật Bản nguyên chất Tsuno 1500g (1636ml) tặng Bột nêm Dashi tảo bẹ Kombu Shimaya (6gx7gói),1,34,34,2025-12-01,2026-01-04,35,,31054
7054,(30/12/21~7/2/22) ĐÓN TẾT HỔ - SALE BÙNG NỔ,3,34,34,2022-01-01,2022-02-07,38,,46746 47789 52561
38159,(01.12~31.12) HCP THANH LY 12.2023 LAN 1,2,34,34,2023-12-01,2023-12-31,31,,48902 55077
48545,(02.07~31.07) HC6 THANH LY 07.2024 LAN 1,2,34,34,2024-07-02,2024-07-31,30,,52561 55077
-2191,"Combo 1 Hộp  Bột mầm lúa mạch non Nhật Bản Kenkogen trái cây lợi khuẩn, chất xơ, Omega 3 Canxi D 24 gói và Thức uống sữa yến mạch Oatside 1L  ",1,34,34,2025-04-01,2025-05-04,34,,55013
7172,(1/4-27/4) SAKURA BIG SALE,3,33,33,2022-04-02,2022-04-27,26,,46746 48902 52561
38188,HACHI KHUYẾN MÃI (1/12/2023-1/1/2024),8,32,32,2023-12-20,2024-01-01,13,,46746 47789 52561 54620 54734 55077 58508 58510
48629,30.08~30.09) HC5 THANH LY 08.2024 LAN 1,2,32,32,2024-08-30,2024-09-30,32,,48902 55077
48796,(05.12~31.12) HCP THANH LY 12.2024 LAN 1,2,32,32,2024-12-05,2024-12-31,27,,48902 55077
49263,(27.06~31.07) HC6 THANH LY 07.2025 LAN 1,2,32,32,2025-06-27,2025-07-31,35,,55077 60454
49265,(27.06~31.07) HC1 THANH LY 07.2025 LAN 1,1,31,31,2025-06-27,2025-07-31,35,,31054
27860,HACHI KHUYẾN MÃI (1/6-29/6),2,31,31,2023-06-01,2023-06-26,26,,48902 52198
38412,(26.04~31.05) HC3 THANH LY 05.2024 LAN 1,1,31,31,2024-04-26,2024-05-30,35,,55077
38414,(26.04~31.05) HC1 THANH LY 05.2024 LAN 1 BS,1,31,31,2024-04-26,2024-05-30,35,,55077
38422,(26.04~31.05) HC6 THANH LY 05.2024 LAN 1,1,31,31,2024-04-26,2024-05-30,35,,55077
7037,Combo Dầu gạo Nhật Bản Tsuno 1500g và Đường vàng Nhật Bản 1kg,1,30,30,2022-01-01,2022-02-07,38,,31054
7384,Combo mua 2 Dầu gạo Nhật Bản Tsuno nguyên chất 1500g tặng 1 chai cùng loại,1,30,30,2022-08-01,2022-08-31,31,,31054
37999,(18.08~31.08) HCP THANH LY 8.2023 LAN 3,4,30,30,2023-08-18,2023-08-31,14,,31054 48902 52561 55013
17726,HACHI KHUYẾN MÃI (1/3-26/3) ,4,30,30,2023-03-01,2023-03-25,25,,47789 48902 52561 54734
7553,(02.11~30.11) HC3 THANH LY THANG 11.2022 LAN 1,2,30,30,2022-11-02,2022-11-30,29,,48902 52561
-702,"Mua Nước xả vải Gift Mộng Mơ 3,2kg tặng Nước giặt Gift Nắng Xuân  3,5kg",1,30,30,2024-01-03,2024-02-06,35,,58510
-115,Combo mua 2 tặng 1 Dầu gạo Nhật Bản Tsuno nguyên chất 1500g,1,29,29,2022-12-26,2023-01-31,37,,31054
7563,HACHI KHUYẾN MÃI,4,29,29,2022-11-07,2022-11-30,24,,47789 48902 55077 55437
49529,HACHI GIỚI THIỆU: NHÂM NHI NGÀY TẾT-RỘN RÀNG VỊ XUÂN (5/1 - 15/2)	,2,29,29,2026-01-06,2026-02-11,37,,47789 48902
-1484,Combo  Bột mầm lúa mạch non Nhật Bản Kenkogen 24 gói và sữa yến mạch Oatside 1L  ,1,29,29,2024-12-02,2025-01-01,31,,55013
-2087,"Combo Bột mầm lúa mạch non Nhật Bản Kenkogen trái cây lợi khuẩn, chất xơ, Omega 3 Canxi D 24 gói và sữa yến mạch Oatside 1L  ",1,29,29,2025-03-01,2025-03-31,31,,55013
-1489,Combo MUA 2 Dầu gạo Nhật Bản Tsuno nguyên chất 1500g (1636ml) TẶNG Bột nêm Dashi tảo bẹ Kombu Shimaya 140g,1,28,28,2024-12-02,2025-01-01,31,,31054
48626,HACHI GIỚI THIỆU: GIA VỊ NHẬT BẢN (4/9 - 30/9),2,28,28,2024-09-05,2024-09-30,26,,52198 54620
48692,(01.10~31.10) HC3 THANH LY 10.2024 LAN 1,2,28,28,2024-10-01,2024-10-31,31,,54620 55077
-3992,Combo siêu tiết kiệm 2 thùng 12 hộp TPBS: Sữa yến mạch vị nguyên bản Oatside 1L tặng 2 ví nhỏ hình gấu,1,28,28,2026-01-05,2026-02-14,41,,55013
49044,(27.02~31.03) HC6 THANH LY 03.2025 LAN 1,1,28,28,2025-02-27,2025-03-30,32,,55077
49164,(29.04~31.05) HC5 THANH LY 05.2025 LAN 1,2,28,28,2025-04-29,2025-05-28,30,,55077 60454
49271,(30.06~31.07) HC5 THANH LY 07.2025 LAN 1,1,28,28,2025-06-30,2025-07-31,32,,55077
49080,(17.03~31.03) HC3 THANH LY 03.2025 LAN 2,3,27,27,2025-03-17,2025-03-30,14,,48902 52561 55077
-2749,Combo TPBS: Bột mầm lúa mạch non Kenkogen trái cây lợi khuẩn 24 gói & Thức uống sữa yến mạch Oatside 1L  ,1,27,27,2025-10-02,2025-10-31,30,,55013
-2898,Combo siêu tiết kiệm 1 thùng 6 hộp TPBS: Sữa yến mạch vị nguyên bản Oatside 1L,1,27,27,2025-11-02,2025-11-30,29,,55013
49056,(28.02~31.03) HC1 THANH LY 03.2025 LAN 1,1,27,27,2025-03-01,2025-03-30,30,,55077
49116,(28.03~30.04) HC5 THANH LY 04.2025 LAN 1,1,27,27,2025-03-28,2025-04-30,34,,55077
49162,(29.04~31.05) HC3 THANH LY 05.2025 LAN 1,1,27,27,2025-04-29,2025-05-28,30,,55077
49165,(29.04~31.05) HC1 THANH LY 05.2025 LAN 1,1,27,27,2025-04-29,2025-05-28,30,,55077
-2434,"Combo mua 2 Dầu gạo Nhật Bản Tsuno 1.5kg chỉ 438K tặng thêm Rong biển hải sản nấu canh, súp Miso Sanko 85g",1,26,26,2025-06-02,2025-06-30,29,,31054
-3700,Combo siêu tiết kiệm 2 Dầu gạo Nhật Bản Tsuno nguyên chất 1500g (1636ml) và 3 Dầu gạo Nhật Bản Tsuno nguyên chất 500g (545ml),1,26,26,2025-12-09,2026-01-04,27,,31054
-3701,Combo siêu tiết kiệm 1 Dầu gạo Nhật Bản Tsuno nguyên chất 1500g (1636ml) và 1 Dầu gạo Nhật Bản Tsuno nguyên chất 500g (545ml),1,26,26,2025-12-09,2026-01-04,27,,31054
49432,(31.09~30.11) HC6 THANH LY 11.2025 LAN 1,1,26,26,2025-10-31,2025-11-30,31,,48902
49434,(31.09~30.11) HC6 THANH LY 11.2025 LAN 1,1,26,26,2025-10-31,2025-11-30,31,,48902
38394,LỄ TO SALE LỚN - HÀNG TUYỂN GIÁ SỐC,2,26,26,2024-04-19,2024-05-01,13,,52198 55077
48807,SALE XẢ KHO - ĐÓN NĂM MỚI (19/12/2024 - 1/1/2025),2,26,26,2024-12-19,2025-01-01,14,,52198 54620
38009,(30.08~30.09) HCP THANH LY 9.2023 LAN 1,1,26,26,2023-08-30,2023-09-27,29,,55077
7200,"Combo 2 chai dầu gạo Tsuno 1,5kg tặng 1 chai cùng loại",1,25,25,2022-04-09,2022-05-03,25,,31054
7234,Combo 1 chai Dầu gạo Nhật Bản Tsuno 1.5kg tặng 1 gói Rong biển Wakame,1,25,25,2022-05-04,2022-05-30,27,,31054
-434,Combo mua 2 chai Dầu gạo Nhật Bản Tsuno nguyên chất 1500g (1636ml) tặng 1 gói Mì Somen rau củ Nhật Bản 320g,1,25,25,2023-09-05,2023-10-01,27,,31054
-1254,Combo 2 chai Dầu gạo Tsuno nguyên chất 1500g - Giảm 19% tặng Giấy thấm dầu thực phẩm 40 tờ 27x25cm,1,25,25,2024-09-04,2024-09-30,27,,31054
48846,(30.12~31.01) HCP THANH LY 01.2025 LAN 1,1,25,25,2024-12-30,2025-01-26,28,,52561
49322,(15.08~31.08) HCP THANH LY 08.2025 LAN 2,2,25,25,2025-08-15,2025-08-31,17,,52561 55077
-1550,Combo thùng 6 hộp Sữa yến mạch - Oatside Barista Blend 1 lít,1,25,25,2024-12-06,2025-01-01,27,,55013
-1667,Combo Bột mầm lúa mạch non Kenkogen trái cây lợi khuẩn 24 gói và Thức uống sữa yến mạch Oatside 1L  ,1,25,25,2025-01-02,2025-01-27,26,,55013
-1675,Combo 2 hộp Sữa yến mạch Oatside 1L (nguyên vị & socola),1,25,25,2025-01-02,2025-01-27,26,,55013
27852,(25.05~30.06) HC1 THANH LY THANG 06.2023 LAN 1,1,24,24,2023-05-26,2023-06-30,36,,31054
48810,(16.12~31.12) HC2 THANH LY 12.2024 LAN 2,3,24,24,2024-12-16,2024-12-31,16,,48902 55077 58302
-1717,Combo 1 thùng 30 lon Nước ngọt Coca Cola Nhật Bản 160ml,1,24,24,2025-01-02,2025-01-27,26,,48902
-1718,Combo 2 thùng 30 lon Nước ngọt Coca Cola Nhật Bản 160ml,1,24,24,2025-01-02,2025-01-27,26,,48902
-1719,Combo 3 thùng 30 lon Nước ngọt Coca Cola Nhật Bản 160ml,1,24,24,2025-01-02,2025-01-27,26,,48902
48827,HACHI GIỚI THIỆU: CHIÊU ĐÃI TIỆC TẾT (2/1-27/1),1,24,24,2025-01-02,2025-01-27,26,,48902
38273,"SẮM TẾT THẢ GA, HACHI TRỢ GIÁ (31/1-8/2)",3,24,24,2024-01-31,2024-02-07,8,,52198 52561 54620
-2485,Combo Bột mầm lúa mạch non Nhật Bản Kenkogen 24 gói và Thức uống sữa yến mạch Oatside 1L  ,1,24,24,2025-07-01,2025-07-31,31,,55013
-2678,Combo TPBS: Bột mầm lúa mạch non Kenkogen 24 gói và Sữa yến mạch Oatside 1L,1,24,24,2025-09-03,2025-09-30,28,,55013
49334,HACHI GIỚI THIỆU: THỰC PHẨM CHAY NHẬT BẢN (3/9 - 30/9),1,24,24,2025-09-03,2025-09-30,28,,55013
-3694,"Combo siêu hời mua 2 Bột trà xanh Nhật Bản Green Tea Powder Kanes 100g giá 198,000 tặng thêm 1 Sữa yến mạch vị nguyên bản Oatside 1L",1,24,24,2025-12-09,2026-01-04,27,,55013
-3695,"Combo siêu hời mua 2 Bột trà xanh Matcha Premium Kanes 30g giá 198,000 tặng thêm 1 Sữa yến mạch vị nguyên bản Oatside 1L",1,24,24,2025-12-09,2026-01-04,27,,55013
-3706,Combo siêu tiết kiệm 1 thùng 6 hộp Sữa yến mạch vị nguyên bản Oatside 1L,1,24,24,2025-12-09,2026-01-04,27,,55013
38049,(28.09~31.10) HCP THANH LY 10.2023 LAN 1,1,24,24,2023-10-01,2023-10-31,31,,55077
38050,(28.09~31.10) HC5 THANH LY 10.2023 LAN 1,1,24,24,2023-10-01,2023-10-31,31,,55077
38224,(29.12~31.01) HCP THANH LY 01.2024 LAN 1,1,24,24,2023-12-30,2024-01-30,32,,55077
38425,(03.05~31.05) HCP THANH LY 05.2024 LAN 1,1,24,24,2024-05-03,2024-05-30,28,,55077
49062,(04.03~31.03) HC5 THANH LY 03.2025 LAN 1,1,24,24,2025-03-04,2025-03-30,27,,55077
49123,(02.04~30.04) HC3 THANH LY 04.2025 LAN 1,1,24,24,2025-04-02,2025-04-30,29,,55077
27882,(31.05-30.06) HC3 THANH LY THANG 06.2023 LAN 1,1,23,23,2023-06-08,2023-06-30,23,,31054
-1670,Combo mua 2 Dầu gạo Nhật Bản Tsuno nguyên chất 1500g (1636ml) tặng Màng bọc thực phẩm Nhật Bản Asahi Wrap 22cmx15m,1,23,23,2025-01-02,2025-01-27,26,,31054
-1157,Combo 1 thùng 30 lon Nước ngọt Coca Cola Nhật Bản 160ml,1,23,23,2024-08-01,2024-09-02,33,,48902
49539,(30.12~31.01) HC3 THANH LY 01.2026 LAN 1,1,23,23,2025-12-30,2026-01-31,33,,48902
7155,(28.2-31.3) HCP THANH LÝ THANG 3.2022 LAN 1,1,23,23,2022-02-28,2022-03-31,32,,52198
38176,(14.12~31.12) HC2 THANH LY 12.2023 LAN 2,2,23,23,2023-12-13,2023-12-30,18,,52198 55077
-1671,Combo Bột nêm chiết xuất thịt & rau Ajinomoto Consomme 500g và  Bột ngọt Ajinomoto Nhật Bản 1kg,1,23,23,2025-01-02,2025-01-26,25,,52561
38253,(16.01~29.02) HCP THANH LY 01.2024 LAN 2,1,23,23,2024-01-16,2024-02-27,43,,54620
38329,(01.03~31.03) HCP THANH LY 03.2024 LAN 1,1,23,23,2024-03-03,2024-03-31,29,,55013
-2356,"Combo Bột mầm lúa mạch non Nhật Bản Kenkogen trái cây lợi khuẩn, chất xơ, Omega 3 Canxi D 24 gói và Thức uống sữa yến mạch Oatside 1L  ",1,23,23,2025-05-05,2025-06-01,28,,55013
49150,HACHI GIỚI THIỆU: THỰC PHẨM CHAY NHẬT BẢN (5/5 - 1/6),1,23,23,2025-05-05,2025-06-01,28,,55013
-4167,Combo siêu tiết kiệm 1 thùng 6 hộp TPBS: Sữa yến mạch vị nguyên bản Oatside 1L tặng 1 ví nhỏ hình gấu,1,23,23,2026-01-14,2026-02-14,32,,55013
-712,Combo Mua 2 dầu gạo Tsuno nguyên chất 1500g (1636ml) tặng Chảo chống dính Pearl 13x18cm,1,22,22,2024-01-17,2024-02-08,23,,31054
7312,(1/7-31/7) HACHI KHUYẾN MÃI,2,22,22,2022-07-02,2022-07-31,30,,41297 54620
48908,(16.01~16.02) HC3 THANH LY 01.2025 LAN 2,1,22,22,2025-01-16,2025-02-16,32,,48902
49312,ĐẠI TIỆC SINH NHẬT (7/8 - 31/8),1,22,22,2025-08-07,2025-08-30,24,,52198
-2644,Combo Dầu gạo Tsuno nguyên chất 1.5kg (1636ml) và Nước hầm xương cô đặc cao cấp Kouki 1kg,2,21,21,2025-08-21,2025-08-31,11,,31054 52198
-1018,Combo mua Bột mầm lúa mạch non Nhật Bản Kenkogen hộp 24 gói giá 169.000đ tặng 1 hộp Thức uống yến mạch 1L,1,21,21,2024-07-01,2024-07-31,31,,55013
-2440,Combo Bột mầm lúa mạch non Nhật Bản Kenkogen trái cây 24 gói và Thức uống sữa yến mạch Oatside 1L  ,1,21,21,2025-06-03,2025-06-30,28,,55013
-2869,Combo 2 hộp TPBS: Sữa yến mạch vị nguyên bản Oatside 1L,1,21,21,2025-10-09,2025-10-31,23,,55013
38014,HACHI KHUYẾN MÃI (5/9-1/10),1,21,21,2023-09-05,2023-10-01,27,,55077
38082,(27.10~30.11) HC1 THANH LY 11.2023 LAN 1,1,21,21,2023-10-27,2023-11-30,35,,55077
38083,(27.10~30.11) HC2 THANH LY 11.2023 LAN 1,1,21,21,2023-10-27,2023-11-30,35,,55077
38084,(27.10~30.11) HCP THANH LY 11.2023 LAN 1,1,21,21,2023-10-27,2023-11-30,35,,55077
49612,HACHI KHUYẾN MÃI (5/2 - 15/2) 	,5,20,20,2026-02-05,2026-02-14,10,,41297 55013 55077 55437 58510
27794,MỪNG ĐẠI LỄ - SĂN ĐẠI DEAL,3,20,20,2023-04-20,2023-05-03,14,,48902 52561 55437
49370,(15.09~30.09) HC3 THANH LY 09.2025 LAN 2,2,20,20,2025-09-15,2025-09-30,16,,48902 54620
48797,(05.12~31.12) HC5 THANH LY 12.2024 LAN 1,1,20,20,2024-12-07,2024-12-31,25,,52198
27835,THỰC PHẨM CHAY NHẬT BẢN (15/5-4/6),2,20,20,2023-05-15,2023-06-04,21,,52561 55013
48926,(20.01~16.02) HC3 THANH LY 01.2025 LAN 2 -BS,1,20,20,2025-01-20,2025-02-16,28,,55013
17650,(01.01~31.01) HCP THANH LY THANG 01.2023 LAN 1,1,20,20,2022-12-30,2023-01-31,33,,55077
17655,(01.01~31.01) HC5 THANH LY THANG 01.2023 LAN 1,1,20,20,2022-12-30,2023-01-31,33,,55077
48583,(02.08~31.08) HCP THANH LY 08.2024 LAN 1,2,20,20,2024-08-03,2024-08-31,29,,55077 58302
48686,(30.09~31.10) HC5 THANH LY 10.2024 LAN 1,1,20,20,2024-10-03,2024-10-31,29,,55077
48694,(03.10~31.10) HC6 THANH LY 10.2024 LAN 1-R,1,20,20,2024-10-03,2024-10-31,29,,55077
49127,(10.04~30.04) HCP THANH LY 04.2025 LAN 2,1,20,20,2025-04-10,2025-04-30,21,,55077
48582,(02.08~31.08) HC3 THANH LY 08.2024 LAN 1,2,19,19,2024-08-04,2024-08-30,27,,47789 52561
49343,(27.08~30.09) HC1 THANH LY 09.2025 LAN 1,1,19,19,2025-08-27,2025-09-30,35,,48902
38371,(28.03~01.05) HC2 THANH LY 04.2024 LAN 1,1,19,19,2024-03-29,2024-05-01,34,,55013
48581,(02.08~31.08) HC1 THANH LY 08.2024 LAN 1,1,19,19,2024-08-03,2024-08-31,29,,55077
48584,(02.08~31.08) HC6 THANH LY 08.2024 LAN 1,1,19,19,2024-08-03,2024-08-31,29,,55077
48585,(02.08~31.08) HC5 THANH LY 08.2024 LAN 1,1,19,19,2024-08-03,2024-08-31,29,,55077
-2593,Combo thùng 30 lon Nước ngọt Coca Cola Nhật Bản 160ml,1,18,18,2025-08-05,2025-08-31,27,,48902
49348,(28.08~30.09) HC3 THANH LY 09.2025 LAN 1,1,18,18,2025-08-29,2025-09-30,33,,48902
49349,(28.08~30.09) HCP THANH LY 09.2025 LAN 1,1,18,18,2025-08-28,2025-09-29,33,,52561
38096,(30.10~30.11) HC5 THANH LY 11.2023 LAN 1,1,18,18,2023-10-30,2023-11-30,32,,55077
48541,(02.07~31.07) HC1 THANH LY 07.2024 LAN 1,1,18,18,2024-07-03,2024-07-31,29,,55077
-713,"Combo mua 1 tặng 1 Nước xả vải Gift Mộng Mơ lưu hương bền lâu 3,2kg (Túi Refill)",1,18,18,2024-01-17,2024-02-06,21,,58510
17600,(1.12-25.12) HACHI KHUYẾN MÃI,2,17,17,2022-12-02,2022-12-25,24,,48902 55013
48559,(16.07~31.07) HCP THANH LY 07.2024 LAN 2,2,17,17,2024-07-16,2024-07-31,16,,48902 55077
-4205,Giỏ quà Tết Nhật Khai Lộc Kaifuku TC07 (8 món),1,17,17,2026-01-16,2026-02-09,25,,48902
49451,(14.11~30.11) HC2 THANH LY 11.2025 LAN 2,1,17,17,2025-11-14,2025-11-30,17,,52198
49000,(12.02~28.02) HCP THANH LY 02.2025 LAN 1,2,17,17,2025-02-12,2025-02-27,16,,52561 55077
48749,(14.11~30.11) HC5 THANH LY 11.2024 LAN 2,1,17,17,2024-11-14,2024-11-30,17,,55013
17638,HACHI KHUYẾN MÃI,1,17,17,2022-12-26,2023-01-19,25,,55077
17714,(16.02~31.03) HC1 THANH LY THANG 02.2023 LAN 2,1,17,17,2023-03-04,2023-03-30,27,,55077
17718,(16.02~31.03) HCP THANH LY THANG 02.2023 LAN 2,1,17,17,2023-03-04,2023-03-30,27,,55077
38100,(31.10~30.11) HC3 THANH LY 11.2023 LAN 1,1,17,17,2023-10-31,2023-11-30,31,,55077
48790,(04.12~31.12) HC3 THANH LY 12.2024 LAN 1,1,17,17,2024-12-04,2024-12-29,26,,55077
48848,(30.12~31.01) HC6 THANH LY 01.2025 LAN 1,1,17,17,2025-01-02,2025-01-27,26,,55077
48855,(31.12~31.01) HC3 THANH LY 01.2025 LAN 1,1,17,17,2025-01-02,2025-01-27,26,,55077
7521,(15.10-31.10) HC1 THANH LÝ THANG 10.2022 LAN 2,1,16,16,2022-10-15,2022-10-31,17,,31054
38465,6.6 NGÀY ĐÔI SALE TỐT (TẠI WEBSITE),3,16,16,2024-06-01,2024-06-08,8,,31054 52561 55077
48705,(15.10~31.10) HC1 THANH LY 10.2024 LAN 2,1,16,16,2024-10-15,2024-10-31,17,,31054
17673,(11.01~31.01) HCP THANH LY THANG 01.2023 LAN 2,2,16,16,2023-01-11,2023-01-31,21,,48902 55077
-1749,Hộp quà Tết Kohaku C14 (11 món),1,16,16,2025-01-11,2025-01-27,17,,48902
-1806,Combo 1 thùng 30 lon Nước ngọt Coca Cola Nhật Bản 160ml,1,16,16,2025-02-04,2025-02-26,23,,48902
17644,HACHI STAR: VỊ NGON NGÀY TẾT,2,16,16,2023-01-12,2023-01-19,8,,52198 54620
49566,(15.01~31.01) HCP THANH LY 01.2026 LAN 2,1,16,16,2026-01-15,2026-01-31,17,,52198
7314,"(1/7-31/7) DEAL ""ĐỘC QUYỀN"" MỪNG WEB MỚI",1,16,16,2022-07-01,2022-07-30,30,,52561
7318,(01.07-31.07) HC2 THANH LÝ THANG 7.2022 LAN 1,1,16,16,2022-07-01,2022-07-30,30,,52561
48546,(02.07~31.07) HC5 THANH LY 07.2024 LAN 1,1,16,16,2024-07-02,2024-07-31,30,,52561
7543,GIA VỊ NHẬT BẢN YAMAGEN - YOUKI,1,16,16,2022-11-14,2022-11-30,17,,54620
27955,MỪNG SINH NHẬT - ĐÃI TIỆC SALE (1/8-21/8),1,16,16,2023-08-02,2023-08-21,20,,54620
48902,(16.01~16.02) HC2 THANH LY 01.2025 LAN 2,1,16,16,2025-01-16,2025-02-16,32,,55077
48906,(16.01~16.02) HC5 THANH LY 01.2025 LAN 2,1,16,16,2025-01-16,2025-02-16,32,,55077
49135,(15.04~30.04) HC3 THANH LY 04.2025 LAN 2,1,16,16,2025-04-15,2025-04-30,16,,55077
49136,(15.04~30.04) HC5 THANH LY 04.2025 LAN 2,1,16,16,2025-04-15,2025-04-30,16,,55077
49392,(30.09~31.10) HC2 THANH LY 10.2025 LAN 1,1,16,16,2025-09-30,2025-10-29,30,,55077
49394,(30.09~31.10) HC5 THANH LY 10.2025 LAN 1,1,16,16,2025-09-30,2025-10-29,30,,55077
49379,HACHI GIỚI THIỆU: HAPPY WOMEN'S DAY 20/10 (1/10 - 31/10),5,15,15,2025-10-01,2025-10-27,27,,46746 55437 58473 60426 61132
-381,Combo 1 thùng 30 lon Nước ngọt Coca Cola Nhật Bản ,1,15,15,2023-08-01,2023-08-20,20,,48902
49273,(01.07~31.07) HC3 THANH LY 07.2025 LAN 1,1,15,15,2025-07-03,2025-07-30,28,,48902
38006,(30.08~30.09) HC3 THANH LY 9.2023 LAN 1,1,15,15,2023-09-01,2023-09-28,28,,52561
48636,(30.08~30.09) HC6 THANH LY 08.2024 LAN 1,1,15,15,2024-08-30,2024-09-29,31,,55077
48637,(30.08~30.09) HC3 THANH LY 08.2024 LAN 1,1,15,15,2024-08-30,2024-09-29,31,,55077
49072,(13.03~31.03) HC2 THANH LY 03.2025 LAN 2,1,15,15,2025-03-14,2025-03-30,17,,55077
-259,Combo mua 2 tặng 1 Dầu gạo Nhật Bản Tsuno nguyên chất 1500g (1636ml),1,14,14,2023-04-20,2023-05-03,14,,31054
27903,HACHI KHUYẾN MÃI (30/6-31/7),2,14,14,2023-07-02,2023-07-31,30,,47789 55013
7355,(12/8-25/8) SUPER STAR 2,1,14,14,2022-08-12,2022-08-25,14,,52198
49459,BLACK FRIDAY - MỞ MÀN TIỆC SALE (21/11 - 27/11),3,14,14,2025-11-21,2025-11-27,7,,52198 52561 60426
48815,(16.12~31.12) HC3 THANH LY 12.2024 LAN 2,1,14,14,2024-12-16,2024-12-30,15,,55013
17674,(11.01~31.01) HC6 THANH LY THANG 01.2023 LAN 2,1,14,14,2023-01-11,2023-01-31,21,,55077
38069,(13.10~31.10) HC2 THANH LY 10.2023 LAN 2,1,14,14,2023-10-13,2023-10-31,19,,55077
49102,(26.03~15.04) HC5 THANH LY 03.2025 LAN 2 -BS,1,14,14,2025-03-26,2025-04-15,21,,55077
49103,(26.03~15.04) HC6 THANH LY 03.2025 LAN 2 - BS,1,14,14,2025-03-26,2025-04-15,21,,55077
7062,Combo 2 chai dầu gạo Best Price tặng bột nêm dashi tảo bẹ kombu 140g,1,13,13,2022-01-17,2022-01-29,13,,31054
-897,Mua 2 tặng 1 Dầu gạo Nhật Bản Tsuno nguyên chất 1500g (1636ml),1,13,13,2024-04-19,2024-05-01,13,,31054
-1739,Combo Nước hầm xương cô đặc cao cấp Kouki 1kg và Dầu gạo Nhật Bản Tsuno nguyên chất 1500g (1636ml),2,13,13,2025-01-08,2025-01-14,7,,31054 52198
-2640,Combo dầu gạo Tsuno nguyên chất 1.5kg (1636ml) và Hạt nêm chiết xuất thị và rau Youki 520g,2,13,13,2025-08-14,2025-08-20,7,,31054 54620
7031,Combo 1 thùng 30 lon Nước ngọt Coca Cola Nhật Bản lon 160ml,1,13,13,2022-01-06,2022-01-27,22,,48902
7055,(30/12/21-30/1/22) TIỆC ĐỦ ĐẦY TẾT SUM VẦY,1,13,13,2022-01-06,2022-01-27,22,,48902
17734,(01.03~31.03) HC1 THANH LY THANG 03.2023 LAN 1,1,13,13,2023-03-02,2023-03-17,16,,48902
7065,(17/1-30/1) HACHI STAR: VỊ NGON NGÀY TẾT,1,13,13,2022-01-17,2022-01-29,13,,52198
38032,(14.09~30.09) HC5 THANH LY 9.2023 LAN 2,1,13,13,2023-09-14,2023-09-27,14,,55077
38256,(16.01~29.02) HC2 THANH LY 01.2024 LAN 2,1,13,13,2024-01-16,2024-01-30,15,,55077
48707,(15.10~31.10) HC5 THANH LY 10.2024 LAN 2,1,13,13,2024-10-16,2024-10-31,16,,55077
48708,(16.10~31.10) HC2 THANH LY 10.2024 LAN 2,1,13,13,2024-10-16,2024-10-31,16,,55077
48709,(16.10~31.10) HC6 THANH LY 10.2024 LAN 2,1,13,13,2024-10-16,2024-10-31,16,,55077
49218,(28.05~30.06) HC6 THANH LY 06.2025 LAN 1,1,13,13,2025-05-28,2025-06-30,34,,55077
49331,(18.08~31.08) HC5 THANH LY 08.2025 LAN 2,1,13,13,2025-08-18,2025-08-31,14,,55077
-2335,Combo mua 2 tặng 1 Dầu gạo Nhật Bản Tsuno nguyên chất 1500g (1636ml),1,12,12,2025-04-22,2025-05-04,13,,31054
7343,(15/7- 31/7) HACHI KHUYẾN MÃI,2,12,12,2022-07-17,2022-07-30,14,,47789 52198
17667,TIỆC TẾT SUM VẦY (12.01-20.01),3,12,12,2023-01-12,2023-01-19,8,,47789 48902 52561
7342,Combo mua 2 Nước ngọt Coca Cola Nhật Bản 160ml tặng 1 bịch cùng loại,1,12,12,2022-07-10,2022-07-26,17,,48902
48765,BLACK FRIDAY (29/11 - 1/12),5,12,12,2024-11-29,2024-12-01,3,,52198 52561 54620 58473 60426
7273,(1/6-30/6) MỪNG GIAO DIỆN MỚI (DÀNH RIÊNG WEB),1,12,12,2022-06-04,2022-06-28,25,,52561
48653,(16.09~30.09) HC3 THANH LY 09.2024 LAN 2,2,12,12,2024-09-17,2024-09-30,14,,52561 55077
17680,"THẢI ĐỘC GIẢM CÂN-NĂM MỚI ""HEALTHY""",1,12,12,2023-01-29,2023-02-17,20,,55013
27940,(14.07-31.07) HC5 - THANH LY THANG 7.2023 LAN 3,1,12,12,2023-07-14,2023-07-30,17,,55077
38033,(15.09~30.09) HC6 THANH LY 9.2023 LAN 2,1,12,12,2023-09-15,2023-09-27,13,,55077
38074,(16.10~31.10) HC3 THANH LY 10.2023 LAN 2,1,12,12,2023-10-18,2023-10-31,14,,55077
-1339,Combo mua 1 tặng 1 Mì Ramen ăn liền Mama 360g (12 góix30g) - HSD: 12/2024,1,12,12,2024-10-17,2024-10-31,15,,55077
49076,(17.03~31.03) HC5 THANH LY 03.2025 LAN 2,1,12,12,2025-03-17,2025-03-30,14,,55077
49078,(17.03~31.03) HC1 THANH LY 03.2025 LAN 2,1,12,12,2025-03-17,2025-03-30,14,,55077
49091,(17.03~31.03) HC6 THANH LY 03.2025 LAN 2,1,12,12,2025-03-17,2025-03-30,14,,55077
49095,(17.03~31.03) HCP THANH LY 03.2025 LAN 2,1,12,12,2025-03-17,2025-03-30,14,,55077
-4072,"Combo siêu tiết kiệm 1 thùng 4 túi Nước xả vải Gift Mộng Mơ lưu hương bền lâu túi 3,2kg",1,12,12,2026-01-06,2026-02-08,34,,58510
17629,(15.12~31.12) HC3 THANH LY THANG 12.2022 LAN 2,1,11,11,2022-12-15,2022-12-31,17,,48902
38449,(13.05~31.05) HCP THANH LY 05.2024 LAN 2,1,11,11,2024-05-14,2024-05-31,18,,48902
-2331,Combo mua 2 tặng 1 Nước ngọt Coca Cola Nhật Bản 160ml,1,11,11,2025-04-23,2025-05-04,12,,48902
-304,Combo 1 hũ Nước hầm xương cô đặc cao cấp Kouki 1kg tặng 1 chai Súp nấu lẩu cô đặc Tonkotsu Daisho 1.18kg,1,11,11,2023-05-18,2023-05-31,14,,52198
-305,Combo 1 hũ Nước hầm xương cô đặc cao cấp Kouki 1kg tặng 1 chai Súp nấu lẩu cô đặc Miso cay Daisho 1.18kg,1,11,11,2023-05-18,2023-05-31,14,,52198
38115,THỰC PHẨM CHAY NHẬT BẢN (10/11-30/11),1,11,11,2023-11-10,2023-11-30,21,,52561
38248,HACHI STAR: TIỆC TẾT TRÒN VỊ,2,11,11,2024-01-17,2024-01-23,7,,52561 54620
38178,(14.12~31.12) HC1 THANH LY 12.2023 LAN 2,1,11,11,2023-12-14,2023-12-30,17,,55077
48811,(16.12~31.12) HCP THANH LY 12.2024 LAN 2,1,11,11,2024-12-17,2024-12-29,13,,55077
48813,(16.12~31.12) HCP THANH LY 12.2024 LAN 2 R,1,11,11,2024-12-17,2024-12-29,13,,55077
49534,(29.12~31.01) HC1 THANH LY 01.2026 LAN 1,1,11,11,2026-01-01,2026-01-31,31,,55077
-481,"Giờ vàng giá sốc ĐXH, QT - MUA 1 TẶNG 1 Dầu gạo Tsuno nguyên chất 1500g",1,10,10,2023-10-10,2023-10-20,11,,31054
27776,(01.04~03.05) HC1 THANH LY THANG 04.2023 LAN 1,1,10,10,2023-04-15,2023-04-30,16,,48902
-542,Giờ vàng dành riêng ĐXH - QT MUA 1 TẶNG 1 Nước ngọt Coca Cola Nhật Bản 160ml,1,10,10,2023-11-10,2023-11-20,11,,48902
-4236,Giỏ quà Tết Nhật Khai Lộc TC01 (9 món),1,10,10,2026-01-27,2026-02-09,14,,48902
-4237,Giỏ quà Tết Nhật Khai Lộc TC02 (9 món),1,10,10,2026-01-27,2026-02-09,14,,48902
-4247,Giỏ quà Tết Nhật Khai Lộc Kaifuku TC07 (8 món),1,10,10,2026-01-27,2026-02-09,14,,48902
49608,02.02~28.02) HC3 THANH LY 02.2026 LAN 1,2,10,10,2026-02-02,2026-02-09,8,,48902 55077
49616,HACHI GIỚI THIỆU: VUI TIỆC TẾT - TRÒN VỊ XUÂN (5/1 - 15/2),2,10,10,2026-02-05,2026-02-13,9,,52198 54620
49569,(15.01~31.01) HC6 THANH LY 01.2026 LAN 2,1,10,10,2026-01-16,2026-01-31,16,,54620
38179,(15.12~31.12) HC6 THANH LY 12.2023 LAN 2,1,10,10,2023-12-16,2023-12-30,15,,55077
48748,(14.11~30.11) HC6 THANH LY 11.2024 LAN 2,1,10,10,2024-11-15,2024-11-30,16,,55077
48751,(15.11~30.11) HC6 THANH LY 11.2024 LAN 2,1,10,10,2024-11-15,2024-11-30,16,,55077
49239,(16.06-30.06) HC6 THANH LY 06.2025 LAN 2,1,10,10,2025-06-18,2025-06-30,13,,55077
-135,Combo Star - Thùng 30 lon Nước ngọt Coca Cola Nhật Bản 160ml,1,9,9,2023-01-03,2023-01-11,9,,48902
38162,12.12 NGÀY ĐÔI SALE TỐT (DÀNH RIÊNG WEB),2,9,9,2023-12-06,2023-12-13,8,,48902 52198
-741,Combo 1 thùng 30 lon Nước ngọt Coca Cola Nhật Bản 160ml,1,9,9,2024-01-31,2024-02-08,9,,48902
-1598,Combo 1 thùng 30 lon Nước ngọt Coca Cola Nhật Bản 160ml,1,9,9,2024-12-22,2025-01-01,11,,48902
-1599,Combo 2 thùng 30 lon Nước ngọt Coca Cola Nhật Bản 160ml,1,9,9,2024-12-22,2025-01-01,11,,48902
-1600,Combo 3 thùng 30 lon Nước ngọt Coca Cola Nhật Bản 160ml,1,9,9,2024-12-22,2025-01-01,11,,48902
-1601,Combo 4 thùng 30 lon Nước ngọt Coca Cola Nhật Bản 160ml,1,9,9,2024-12-22,2025-01-01,11,,48902
-1602,Combo 5 thùng 30 lon Nước ngọt Coca Cola Nhật Bản 160ml,1,9,9,2024-12-22,2025-01-01,11,,48902
48558,(16.07~31.07) HC6 THANH LY 07.2024 LAN 2,1,9,9,2024-07-16,2024-07-31,16,,55077
48612,(16.08~31.08) HC6 THANH LY 08.2024 LAN 2,1,9,9,2024-08-16,2024-08-31,16,,55077
48994,(12.02~28.02) HC1 THANH LY 02.2025 LAN 1,1,9,9,2025-02-12,2025-02-27,16,,55077
49002,(12.02~28.02) HC6 THANH LY 02.2025 LAN 1,1,9,9,2025-02-12,2025-02-27,16,,55077
49500,(05.12~31.12) HC5 THANH LY 12.2025 LAN 1,1,9,9,2025-12-09,2025-12-28,20,,55077
49509,(08.12~31.12) HCP THANH LY 12.2025 LAN 1,1,9,9,2025-12-09,2025-12-28,20,,55077
49488,HACHI GIỚI THIỆU: ĐÓN NĂM MỚI - KHỎE ĐẸP RẠNG RỠ (1/12 - 4/1)	,3,9,9,2025-12-01,2025-12-28,28,,60426 61048 61433
48512,7.7 NGÀY ĐÔI SALE TỐT (TẠI WEBSITE),1,8,8,2024-07-03,2024-07-10,8,,31054
38283,HACHI KHUYẾN MÃI (15/2 - 29/2),2,8,8,2024-02-21,2024-02-29,9,,47789 52561
7148,(1/3-31/3) HACHI KHUYẾN MÃI,1,8,8,2022-03-12,2022-03-28,17,,48902
38390,(16.04~01.05) HCP THANH LY 04.2024 LAN 2,1,8,8,2024-04-16,2024-04-24,9,,48902
48560,(16.07~31.07) HC3 THANH LY 07.2024 LAN 2,1,8,8,2024-07-19,2024-07-31,13,,48902
48919,HACHI GIỚI THIỆU: CHIÊU ĐÃI TIỆC TẾT (20/1-27/1),1,8,8,2025-01-20,2025-01-27,8,,48902
49325,(18.08~31.08) HC3 THANH LY 08.2025 LAN 2,1,8,8,2025-08-21,2025-08-31,11,,48902
49519,(19.12~31.12) HC3 THANH LY 12.2025 LAN 2,1,8,8,2025-12-20,2025-12-30,11,,48902
7438,(3/9-12/9) KHAI TRƯƠNG QUANG TRUNG,2,8,8,2022-09-03,2022-09-09,7,,52561 54620
38501,(14.06~30.06) HC3 THANH LY 06.2024 LAN 2,1,8,8,2024-06-15,2024-06-30,16,,52561
27896,(15.06-30.06) HC5 THANH LY THANG 06.2023 LAN 2,1,8,8,2023-06-17,2023-06-28,12,,55077
48755,(18.11~30.11) HC6 THANH LY 11.2024 LAN 2 - R R,1,8,8,2024-11-18,2024-11-30,13,,55077
49195,HACHI GIỚI THIỆU: NGÀY CỦA CHA TẶNG QUÀ CHUẨN NHẬT,2,8,8,2025-06-03,2025-06-30,28,,55437 57070
-1136,Combo mua 2 tặng 1  Dầu gạo Nhật Bản Tsuno nguyên chất 1500g (1636ml),1,7,7,2024-08-01,2024-08-07,7,,31054
-1418,Combo mua Rổ quay rau tặng dầu gạo Nhật Bản Tsuno nguyên chất 1500g,1,7,7,2024-11-22,2024-11-28,7,,31054
-1761,Combo mua 2 tặng 1 Dầu gạo Nhật Bản Tsuno nguyên chất 1500g (1636ml),1,7,7,2025-01-15,2025-01-21,7,,31054
49503,HOT DEAL TUẦN NÀY (8/12 - 14/12 TẠI WEBSITE),1,7,7,2025-12-08,2025-12-14,7,,31054
49521,HOT DEAL TUẦN NÀY (29/12 - 4/1 TẠI WEBSITE),1,7,7,2025-12-29,2026-01-04,7,,31054
-4156,Combo siêu tiết kiệm 1 chai Dầu gạo Nhật Bản Tsuno nguyên chất 1500g (1636ml) và 2 hộp 500g (545ml),1,7,7,2026-01-15,2026-01-21,7,,31054
-4209,Combo siêu tiết kiệm 1 chai Dầu gạo Nhật Bản Tsuno nguyên chất 1500g (1636ml) và 2 hộp 500g (545ml),1,7,7,2026-01-22,2026-01-28,7,,31054
-1763,Combo 1 thùng 30 lon Nước ngọt Coca Cola Nhật Bản 160ml (Áp dụng CH),1,7,7,2025-01-15,2025-01-21,7,,48902
-4258,Combo siêu tiết kiệm 1 thùng 30 lon Nước ngọt Coca Cola Nhật Bản 160ml,1,7,7,2026-02-01,2026-02-09,9,,48902
-4262,Combo siêu tiết kiệm 3 thùng 30 lon Nước ngọt Coca Cola Nhật Bản 160ml,1,7,7,2026-02-01,2026-02-09,9,,48902
-4265,Combo siêu tiết kiệm 4 thùng 30 lon Nước ngọt Coca Cola Nhật Bản 160ml,1,7,7,2026-02-01,2026-02-09,9,,48902
7175,(8/4-14/4) HACHI STAR: NƯỚC HẦM XƯƠNG,1,7,7,2022-04-08,2022-04-14,7,,52198
37969,HÀNG TUYỂN GIÁ SỐC (8/8-14/8),1,7,7,2023-08-08,2023-08-14,7,,52198
38262,HACHI STAR: SIÊU DEAL SẮM TẾT,1,7,7,2024-01-24,2024-01-30,7,,52198
48604,HÀNG TUYỂN SALE SỐC (15/8 - 21/8),1,7,7,2024-08-15,2024-08-21,7,,52198
27855,6.6 NGÀY ĐÔI SALE TỐT (DÀNH RIÊNG WEB),1,7,7,2023-06-03,2023-06-09,7,,54620
49311,HÀNG NHẬT TUYỂN - GIÁ CỰC RẺ (7/8 - 13/8),1,7,7,2025-08-07,2025-08-13,7,,54620
-1137,Combo mua 1 tặng 1  Thức uống sữa yến mạch Oatside 1L,1,7,7,2024-08-01,2024-08-07,7,,55013
-1199,Combo mua 1 tặng 1  Thức uống sữa yến mạch Oatside 1L,1,7,7,2024-08-08,2024-08-14,7,,55013
-2631,Combo 2 hộp Sữa yến mạch Oatside Barista Blend 1L,1,7,7,2025-08-07,2025-08-13,7,,55013
49012,(14.02~28.02) HC3 THANH LY 02.2025 LAN 1,1,7,7,2025-02-15,2025-02-27,13,,55077
48831,HACHI GIỚI THIỆU: KHỎE ĐẸP XINH TỰ TIN ĐÓN TẾT (2/1-27/1),3,7,7,2025-01-03,2025-01-21,19,,58473 59732 60426
-1553,"Combo nước giặt 3.6kg và nước xả vải 3,2kg Gift Mộng Mơ lưu hương bền lâu túi ",1,7,7,2024-12-06,2024-12-15,10,,58510
-411,Combo mua 2 tặng 1 Dầu gạo Nhật Bản Tsuno nguyên chất 1500g (1636ml),1,6,6,2023-08-08,2023-08-14,7,,31054
-1770,Combo mua 2 tặng 1 Dầu gạo Nhật Bản Tsuno nguyên chất 1500g (1636ml),1,6,6,2025-01-22,2025-01-27,6,,31054
-2572,Combo mua 2 tặng 1 dầu gạo Nhật Bản Tsuno nguyên chất 1.5kg (1636ml),1,6,6,2025-08-01,2025-08-06,6,,31054
-2632,Combo mua 2 tặng 1 dầu gạo Nhật Bản Tsuno nguyên chất 1.5kg (1636ml),1,6,6,2025-08-07,2025-08-13,7,,31054
-2994,Combo siêu tiết kiệm 2 chai Dầu gạo Nhật Bản Tsuno nguyên chất 1500g (1636ml) tặng Giấy thấm dầu nấu ăn 45 tờ 22x20.8cm,1,6,6,2025-11-21,2025-11-27,7,,31054
-3017,Combo siêu hời mua Chảo chống dính cao cấp Nhật Bản Hokuriku 20cm Plateado tặng Dầu gạo Nhật Bản Tsuno nguyên chất 1500g (1636ml),1,6,6,2025-11-21,2025-11-27,7,,31054
-3018,Combo siêu hời mua Chảo chống dính cao cấp Nhật Bản Hokuriku 26cm Plateado tặng Dầu gạo Nhật Bản Tsuno nguyên chất 1500g (1636ml),1,6,6,2025-11-21,2025-11-27,7,,31054
7525,(19/10-31/10) KHUYẾN MÃI DÀNH RIÊNG ĐỖ XUÂN HỢP,1,6,6,2022-10-21,2022-10-30,10,,48902
-1771,Combo 1 thùng 30 lon Nước ngọt Coca Cola Nhật Bản 160ml,1,6,6,2025-01-22,2025-01-27,6,,48902
-2995,Combo siêu tiết kiệm 1 thùng 30 lon Nước ngọt Coca Cola Nhật Bản 160ml,1,6,6,2025-11-21,2025-11-27,7,,48902
49292,HÀNG NHẬT TUYỂN - GIÁ CỰC RẺ (1/8 - 6/8),1,6,6,2025-08-01,2025-08-06,6,,52198
49309,HÀNG NHẬT TUYỂN - GIÁ CỰC RẺ (7/8 - 13/8),1,6,6,2025-08-07,2025-08-13,7,,52198
-1762,Combo 2 hũ Hạt nêm chiết xuất thịt và rau Youki 520g,1,6,6,2025-01-15,2025-01-21,7,,54620
-4159,Combo siêu tiết kiệm 2 hộp Hạt nêm chiết xuất thịt và rau Youki 520g,1,6,6,2026-01-16,2026-01-21,6,,54620
-4193,Combo siêu tiết kiệm 2 hộp Hạt nêm chiết xuất thịt và rau Youki 520g,1,6,6,2026-01-29,2026-02-04,7,,54620
-3166,Combo siêu hời mua 1 tặng 1 Bột trà xanh Matcha Nhật Bản Kanes 50g tặng thêm 1 hộp TPBS: Sữa yến mạch vị nguyên bản Oatside 1L,1,6,6,2025-11-25,2025-11-30,6,,55013
38125,(16.11~30.11) HC6 THANH LY 11.2023 LAN 2,1,6,6,2023-11-16,2023-11-30,15,,55077
49514,(15.12~31.12) HC1 THANH LY 12.2025 LAN 2,1,6,6,2025-12-18,2025-12-28,11,,55077
49515,(15.12~31.12) HC6 THANH LY 12.2025 LAN 2,1,6,6,2025-12-18,2025-12-28,11,,55077
49266,MUA 7 TẶNG 1 ĐỒNG GIÁ 29K - CHỈ ÁP DỤNG CỬA HÀNG,1,6,6,2025-07-01,2025-07-30,30,,57070
-2710,Combo mua Bộ hộp nhựa đựng thực phẩm Inomata 9 cái tặng Mút chùi kỳ diệu Kokubo hình mèo 16 cái,1,6,6,2025-10-03,2025-10-24,22,,59527
49526,HACHI GIỚI THIỆU: KHỎE ĐẸP ĐÓN TẾT-RẠNG SẮC ĐẦU XUÂN (5/1 - 15/2),2,6,6,2026-01-07,2026-02-12,37,,60426 61048
49435,(31.09~30.11) HC3 THANH LY 11.2025 LAN 1,1,6,6,2025-11-21,2025-11-30,10,,61433
-4194,Combo siêu tiết kiệm 2 chai Dầu gạo Nhật Bản Tsuno nguyên chất 1500g (1636ml),1,5,5,2026-01-31,2026-02-04,5,,31054
17639,ĐỒ GỐM NHẬT BẢN - NÂNG TẦM BẾP XINH,2,5,5,2022-12-27,2023-01-13,18,,41297 41817
-464,Combo 5 Chén sứ Nhật Bản 11.5cm,1,5,5,2023-10-02,2023-10-22,21,,41817
48571,HACHI KHUYẾN MÃI (1/8 - 3/9),3,5,5,2024-08-03,2024-08-26,24,,41817 58302 59527
49617,HACHI GIỚI THIỆU: NHÂM NHI NGÀY TẾT – RỘN RÀNG VỊ XUÂN (5/2 - 15/2)	,2,5,5,2026-02-05,2026-02-11,7,,47789 48902
49627,HACHI GIỚI THIỆU: NHÂM NHI NGÀY TẾT – RỘN RÀNG,2,5,5,2026-02-05,2026-02-11,7,,47789 48902
-4294,Giỏ quà Tết Nhật Khai Lộc Kaifuku TC15 (9 món),1,5,5,2026-02-03,2026-02-09,7,,48902
7395,(15/8-31/8) HACHI KHUYẾN MÃI,1,5,5,2022-08-16,2022-08-28,13,,55013
17683,HACHI KHUYẾN MÃI (27.1-31.1),1,5,5,2023-01-27,2023-01-31,5,,55077
48957,ĐỒNG GIÁ 29K - MUA 9 TẶNG 1 (Áp dụng CH),1,5,5,2025-02-03,2025-02-26,24,,57070
49120,MUA 5 TẶNG 1 ĐỒNG GIÁ 29K - CHỈ ÁP DỤNG CỬA HÀNG,1,5,5,2025-04-04,2025-05-03,30,,57070
49333,HACHI GIỚI THIỆU: VUI KHỎE TUỔI TRUNG NIÊN (3/9 - 30/9),2,5,5,2025-09-14,2025-09-29,16,,57070 60426
49006,HACHI GIỚI THIỆU: CHỊ ĐẸP SĂN DEAL RẠNG RỠ (20/2 - 9/3),1,5,5,2025-02-24,2025-03-02,7,,58473
-2142,"Combo mua 2 Miếng giữ nhiệt làm ấm, giảm nhức mỏi, đau bụng hương thảo mộc Kobayashi 10 miếng (có keo dán) giá chỉ 220k tặng Miếng dán chân thư giãn giảm mỏi mệt Kokubo Tinh chất nhựa cây 2 miếng",1,5,5,2025-03-01,2025-03-26,26,,58473
38354,SAKURA SALE (28/3 - 14/4),1,5,5,2024-03-31,2024-04-13,14,,58508
-2411,"Combo mua Bộ hộp nhựa đựng thực phẩm Inomata 9 cái chỉ 135K tặng Mút rửa chén ion bạc kháng khuẩn, tạo bọt ",1,5,5,2025-06-08,2025-06-29,22,,59527
49601,HACHI KHUYẾN MÃI - CHỈ TẠI CH (31.1-15.2),1,5,5,2026-02-06,2026-02-13,8,,59527
49613,HACHI KHUYẾN MÃI - CHỈ TẠI CH (5/2-15/2),1,5,5,2026-02-06,2026-02-13,8,,59527
48791,HACHI KHUYẾN MÃI (6/12 - 1/1/2025),1,5,5,2024-12-12,2024-12-30,19,,60426
-3653,Combo siêu tiết kiệm 2 Dầu gạo Nhật Bản Tsuno nguyên chất 1500g (1636ml) và 3 Dầu gạo Nhật Bản Tsuno nguyên chất 500g (545ml),1,4,4,2025-12-05,2025-12-08,4,,31054
-3654,Combo siêu tiết kiệm 1 Dầu gạo Nhật Bản Tsuno nguyên chất 1500g (1636ml) và 1 Dầu gạo Nhật Bản Tsuno nguyên chất 500g (545ml),1,4,4,2025-12-05,2025-12-08,4,,31054
-3555,Combo siêu tiết kiệm 5 Chén sứ Nhật Bản 11.5cm,1,4,4,2025-12-03,2026-01-02,31,,41817
-4039,Combo siêu hời mua Chảo sắt Nhật Bản cao cấp Kou Tetsu chống gỉ sét 28cm Sâu lòng tặng 10 Chén sứ Nhật Bản 11.5cm,1,4,4,2026-01-10,2026-02-05,27,,41817
27949,HACHI KHUYẾN MÃI (24/7-31/7),2,4,4,2023-07-25,2023-07-31,7,,47789 55013
27950,HACHI KHUYẾN MÃI (25/7-31/7) ,2,4,4,2023-07-25,2023-07-31,7,,47789 55013
17565,(15.11-30.11) HACHI KHUYẾN MÃI,1,4,4,2022-11-15,2022-11-26,12,,55013
17572,(15.11-30.11) HACHI KHUYẾN MÃI,1,4,4,2022-11-15,2022-11-26,12,,55013
-3650,"Combo siêu hời mua 2 Bột trà xanh Nhật Bản Green Tea Powder Kanes 100g giá 198,000 tặng thêm 1 Sữa yến mạch vị nguyên bản Oatside 1L",1,4,4,2025-12-05,2025-12-08,4,,55013
48618,(21.08~31.08) HC6 THANH LY 08.2024 LAN 2 -BS,1,4,4,2024-08-21,2024-08-31,11,,55077
49611,02.02~28.02) HC1 THANH LY 02.2026 LAN 1,1,4,4,2026-02-03,2026-02-06,4,,55077
-2084,Combo 3 hộp  TPBVSK: Nước uống đẹp da EX PLACENTA Itoh 50mlx10,1,4,4,2025-03-12,2025-03-29,18,,59732
-2913,"Combo siêu tiết kiệm 2 hộp TPBVSK: Viên uống Chlorella 1080 viên, Bổ sung Protein, tăng đề kháng, sức khỏe",1,4,4,2025-11-05,2025-11-22,18,,60426
-3014,Combo siêu hời mua 1 tặng 1 TPBS: Nước uống Collagen Nhật Bản Kenkogen 100mlx10 chai,1,4,4,2025-11-21,2025-11-25,5,,61433
-45,Combo mua 2 tặng 1 Dầu gạo Nhật Bản Tsuno nguyên chất 1500g,1,3,3,2022-11-25,2022-11-27,3,,31054
-550,Mua 2 chai Dầu gạo Nhật Bản Tsuno nguyên chất 1500g tặng 1 Chảo chống dính Pearl Metal 13x18cm,1,3,3,2023-11-24,2023-11-26,3,,31054
-557,Black Friday- Combo mua 2 tặng 1 dầu gạo Tsuno ,1,3,3,2023-11-24,2023-11-26,3,,31054
-1444,Combo mua 2 tặng 1 Dầu gạo Nhật Bản Tsuno nguyên chất 1500g (1636ml),1,3,3,2024-11-29,2024-12-01,3,,31054
-1455,Combo mua Rổ quay rau tặng dầu gạo Nhật Bản Tsuno nguyên chất 1500g,1,3,3,2024-11-29,2024-12-01,3,,31054
-2339,Combo Dầu gạo Nhật Bản Tsuno nguyên chất 1500g (1636ml) chỉ 189k tặng thêm Bột nêm Dashi cá ngừ Marutomo 70g,1,3,3,2025-04-23,2025-04-25,3,,31054
49276,HOT DEAL - SĂN NGAY KẺO LỠ (7/7-9/7/2025),1,3,3,2025-07-07,2025-07-09,3,,31054
-3491,Combo siêu tiết kiệm 3 chai Dầu gạo Nhật Bản Tsuno nguyên chất 1500g (1636ml),1,3,3,2025-11-28,2025-11-30,3,,31054
-3495,Combo siêu hời mua Chảo chống dính Puntec 26cm Sâu lòng tặng Dầu gạo Tsuno 1500g,1,3,3,2025-11-28,2025-11-30,3,,31054
-3510,Combo siêu hời mua Chảo chống dính cao cấp Nhật Bản Hokuriku 20cm Plateado tặng Dầu gạo Nhật Bản Tsuno nguyên chất 1500g (1636ml),1,3,3,2025-11-28,2025-11-30,3,,31054
-3511,Combo siêu hời mua Chảo chống dính cao cấp Nhật Bản Hokuriku 26cm Plateado tặng Dầu gạo Nhật Bản Tsuno nguyên chất 1500g (1636ml),1,3,3,2025-11-28,2025-11-30,3,,31054
7509,(15/10-31/10) HACHI KHUYẾN MÃI ,1,3,3,2022-10-21,2022-10-24,4,,41297
-1650,Combo 5 Chén sứ Nhật Bản 11.5cm (họa tiết mèo may mắn),1,3,3,2025-01-04,2025-01-23,20,,41297
38328,(29.02~31.03) HC3 THANH LY 03.2024 LAN 1,1,3,3,2024-03-01,2024-03-14,14,,47789
-2401,"Combo 4 lon nước giải khát Nhật Bản: Coca Cola 160ml, Fanta nho 160ml, Fanta cam 160ml, Chanh mật ong 185g",1,3,3,2025-05-14,2025-05-16,3,,48902
-2402,"Combo 6 lon nước giải khát Nhật Bản: 2 lon Coca Cola 160ml, 2 lon Fanto nho 160ml, 2 lon Fanta cam 160ml",1,3,3,2025-05-14,2025-05-16,3,,48902
-3488,Combo siêu tiết kiệm 1 thùng 30 lon Nước ngọt Coca Cola Nhật Bản 160ml,1,3,3,2025-11-28,2025-11-30,3,,48902
38129,BLACK FRIDAY - FLASH SALE 24.11,1,3,3,2023-11-24,2023-11-26,3,,52198
-3486,Combo siêu hời mua Nước hầm xương cô đặc cao cấp Kouki 1kg tặng Mì udon và mì somen Nhật Bản 200g,1,3,3,2025-11-28,2025-11-30,3,,52198
17585,(25.11-27.11) BLACK FRIDAY,1,3,3,2022-11-25,2022-11-27,3,,52561
49467,BLACK FRIDAY: SALE RỰC CHÁY – GIÁ CHẠM ĐÁY! (28/11 - 30/11)	,1,3,3,2025-11-28,2025-11-30,3,,52561
38015,9.9 NGÀY ĐÔI SALE TỐT (DÀNH RIÊNG WEB),1,3,3,2023-09-05,2023-09-09,5,,54620
38128,BLACK FRIDAY- TIỆC SALE BÙNG NỔ (24/11-26/11),1,3,3,2023-11-24,2023-11-26,3,,54620
-3492,Combo siêu tiết kiệm 2 Hạt nêm chiết xuất thịt và rau Youki 520g,1,3,3,2025-11-28,2025-11-30,3,,54620
-1448,Combo 2 Sữa yến mạch Oatside Barista Blend 1L,1,3,3,2024-11-29,2024-12-01,3,,55013
-3487,Combo siêu hời mua TPBS: Ngũ cốc trái cây Granola giảm đường Nissin 300g tặng Sữa yến mạch vị nguyên bản Oatside 1L,1,3,3,2025-11-28,2025-11-30,3,,55013
38019,SỨC KHỎE VÀNG TUỔI TRUNG NIÊN (5/9-1/10),1,3,3,2023-09-06,2023-09-16,11,,57070
48526,MUA 6 TẶNG 1 - HÀNG ĐỒNG GIÁ 29K (1/7-31/7),1,3,3,2024-07-10,2024-07-23,14,,57070
48547,MUA 6 TẶNG 1 - HÀNG ĐỒNG GIÁ 29K,1,3,3,2024-07-10,2024-07-23,14,,57070
48956,ĐỒNG GIÁ 29K - MUA 6 TẶNG 1 (Áp dụng CH),1,3,3,2025-02-14,2025-02-26,13,,57070
49139,BIG SALE MỪNG ĐẠI LỄ (22/4 - 4/5),1,3,3,2025-04-30,2025-05-03,4,,58473
-3551,"Combo siêu hời mua Bộ hộp nhựa đựng thực phẩm Inomata 9 cái tặng Mút chùi kỳ diệu, mút melamine Kokubo hình mèo 16 cái",1,3,3,2025-12-11,2025-12-31,21,,59527
49607,02.02~28.02) HCP THANH LY 02.2026 LAN 1,1,3,3,2026-02-06,2026-02-12,7,,61048
49614,HACHI GIỚI THIỆU: KHỎE ĐẸP ĐÓN TẾT - RẠNG SẮC ĐẦU XUÂN (5/2 - 15/2),1,3,3,2026-02-06,2026-02-12,7,,61048
-4215,Combo siêu tiết kiệm 1 thùng 5 hộp Thực phẩm bổ sung: Nước uống Collagen Nhật Bản Kenkogen 100mlx10 chai,1,3,3,2026-02-05,2026-02-11,7,,61433
48704,KAMOKU - NGÀY VÀNG GIÁ SỐC (TẠI WEBSITE 29/10-31/10),1,2,2,2024-10-29,2024-10-31,3,,31054
49290,HOT DEAL - SĂN NGAY KẺO LỠ (30/7-31/7/2025),1,2,2,2025-07-30,2025-07-31,2,,31054
-4426,Combo siêu tiết kiệm 3 chai Dầu gạo Nhật Bản nguyên chất Tsuno 1500g (1636ml),1,2,2,2026-02-13,2026-02-14,2,,31054
17606,ĐỒ GỐM NHẬT BẢN - NÂNG TẦM BẾP XINH,2,2,2,2022-12-07,2022-12-23,17,,41297 41817
38199,GỐM SỨ NHẬT BẢN (2/1-8/2),1,2,2,2024-01-04,2024-02-03,31,,41297
7030,Combo 5 chén gốm tặng 1,1,2,2,2022-01-03,2022-01-08,6,,41817
7319,(01.07-31.07) HC3 THANH LÝ THANG 7.2022 LAN 1,1,2,2,2022-07-13,2022-07-27,15,,41817
-690,Combo 5 Chén sứ Nhật Bản 11.5cm,1,2,2,2024-01-28,2024-01-30,3,,41817
-1649,Combo 5 Chén sứ Nhật Bản 11.5cm (họa tiết truyền thống),1,2,2,2025-01-06,2025-01-14,9,,41817
-2210,Combo 5 chén sứ Nhật Bản 11.5cm,1,2,2,2025-04-13,2025-04-23,11,,41817
7498,"(1/10-23/10) ""DEAL HOT"" TẶNG ",1,2,2,2022-10-15,2022-10-18,4,,46746
48570,8.8 NGÀY ĐÔI SALE TỐT (TẠI WEBSITE),1,2,2,2024-08-07,2024-08-08,2,,47789
27757,(16/3-31/3) HC THANH LÝ THÁNG 3.2023 (ĐỢT 2),1,2,2,2023-03-16,2023-03-17,2,,48902
27808,KHUI DEAL - MỞ TIỆC HÈ VUI (4/5-31/5),1,2,2,2023-05-14,2023-05-30,17,,48902
38187,MỪNG NOEL GIÁ SỐC 12K-24K (DÀNH RIÊNG WEB),1,2,2,2023-12-22,2023-12-23,2,,48902
38195,MỪNG NOEL GIÁ SỐC 12K-24K (DÀNH RIÊNG WEB),1,2,2,2023-12-23,2023-12-24,2,,48902
-2476,Combo 6 lon nước ngọt Nhật Bản 160ml (2 lon Coca- 2 lon Fanta nho- 2 lon Fanta cam),1,2,2,2025-06-11,2025-06-13,3,,48902
17587,BLACK FRIDAY FLASH SALE 26.11,1,2,2,2022-11-26,2022-11-27,2,,52198
48650,(16.09~30.09) HC2 THANH LY 09.2024 LAN 2,1,2,2,2024-09-22,2024-09-29,8,,55077
48654,(16.09~30.09) HCP THANH LY 09.2024 LAN 2,1,2,2,2024-09-22,2024-09-29,8,,55077
48656,(16.09~30.09) HC5 THANH LY 09.2024 LAN 2,1,2,2,2024-09-22,2024-09-29,8,,55077
48658,(16.09~30.09) HC6 THANH LY 09.2024 LAN 2,1,2,2,2024-09-22,2024-09-29,8,,55077
49151,HACHI GIỚI THIỆU: HAPPY MOTHER'S DAY (5/5 - 1/6),2,2,2,2025-05-11,2025-05-26,16,,55437 58473
48719,11.11 NGÀY ĐÔI SALE TỐT (TẠI WEBSITE TỪ 5/11 - 12/11),1,2,2,2024-11-10,2024-11-12,3,,57070
38203,"NHÀ SẠCH THƠM, TẾT THƯ THÁI (11/1-8/2)",1,2,2,2024-01-30,2024-02-05,7,,58302
48625,HACHI GIỚI THIỆU: VUI KHỎE TUỔI TRUNG NIÊN (4/9 - 30/9),1,2,2,2024-09-14,2024-09-15,2,,58473
48830,HACHI GIỚI THIỆU: NHÀ GỌN TÊNH ĐÓN LỘC TẾT (2/1-27/1),1,2,2,2025-01-19,2025-01-20,2,,59527
-2577,Combo mua Bộ hộp nhựa đựng thực phẩm Inomata 9 cái chỉ 135.000đ tặng Mút rửa chén kháng khuẩn Towa (loại mềm),1,2,2,2025-08-02,2025-09-01,31,,59527
49366,HACHI KHUYẾN MÃI (9/9 - 30/9),1,2,2,2025-09-11,2025-09-24,14,,59527
-2919,"Combo siêu hời mua Bộ hộp nhựa đựng thực phẩm Inomata 9 cái tặng Mút chùi kỳ diệu, mút melamine Kokubo hình mèo 16 cái",1,2,2,2025-11-07,2025-11-28,22,,59527
-1804,Combo 3 hộp  TPBVSK: Nước uống đẹp da EX PLACENTA Itoh 50mlx10,1,2,2,2025-02-16,2025-02-25,10,,59732
49483,HACHI GIỚI THIỆU: TÂN TRANG KHÔNG GIAN - ĐÓN NĂM MỚI (1/12 - 4/1)	,1,2,2,2025-12-08,2026-01-01,25,,60105
49631,09.02~28.02) HCP THANH LY 02.2026 LAN 2,1,2,2,2026-02-11,2026-02-12,2,,61048
-3507,Combo siêu hời mua 1 tặng 1 TPBS: Nước uống Collagen Nhật Bản Kenkogen 100mlx10 chai,1,2,2,2025-11-28,2025-11-30,3,,61433
38111,KAMOKU-GIỜ VÀNG GIÁ SỐC (DÀNH RIÊNG WEB),1,1,1,2023-11-09,2023-11-09,1,,31054
49278,HOT DEAL - SĂN NGAY KẺO LỠ (9/7-11/7/2025),1,1,1,2025-07-11,2025-07-11,1,,31054
-2209,Combo 5 chén sứ Nhật Bản 11.5cm,1,1,1,2025-04-25,2025-04-25,1,,41297
-1542,Combo 5 Chén sứ Nhật Bản 11.5cm,1,1,1,2024-12-17,2024-12-17,1,,41817
-3505,Combo siêu tiết kiệm 5 Chén sứ Nhật Bản 11.5cm,1,1,1,2025-11-30,2025-11-30,1,,41817
7113,(8/2-28/2) HACHI KHUYẾN MÃI,1,1,1,2022-02-09,2022-02-09,1,,47789
-151,Combo 1 thùng 30 lon Nước ngọt Coca Cola Nhật Bản 160ml,1,1,1,2023-01-12,2023-01-12,1,,48902
27805,KAMOKU-GIỜ VÀNG GIÁ SỐC (DÀNH RIÊNG WEB),1,1,1,2023-05-25,2023-05-25,1,,52198
27875,KAMOKU-GIỜ VÀNG GIÁ SỐC (DÀNH RIÊNG WEB),1,1,1,2023-06-13,2023-06-13,1,,54620
48693,(03.10~31.10) HC6 THANH LY 10.2024 LAN 1,1,1,1,2024-10-03,2024-10-03,1,,55077
48556,MUA 6 TẶNG 1 - HÀNG ĐỒNG GIÁ 29K (16/7-31/7),1,1,1,2024-07-23,2024-07-23,1,,57070
48619,MUA 6 TẶNG 1 - HÀNG ĐỒNG GIÁ 29K (4/9-30/9),1,1,1,2024-09-19,2024-09-19,1,,57070
48611,(16.08~31.08) HCP THANH LY 08.2024 LAN 2,1,1,1,2024-08-17,2024-08-17,1,,58302
49303,(29.07~31.08) HCP THANH LY 08.2025 LAN 1,1,1,1,2025-08-29,2025-08-29,1,,58302
38438,(08.05~31.05) HCP XA KHO CHAO HE LAN 1,1,1,1,2024-05-20,2024-05-20,1,,58466
38450,(13.05~31.05) HC5 THANH LY 05.2024 LAN 2,1,1,1,2024-05-20,2024-05-20,1,,58466
38406,HAPPY MOTHER'S DAY (2/5 -12/5),1,1,1,2024-05-12,2024-05-12,1,,58473
38463,HÀNG NHẬT CHO PHÁI MẠNH (3/6 -30/6),1,1,1,2024-06-08,2024-06-08,1,,58473
48669,HACHI GIỚI THIỆU: HAPPY WOMEN'S DAY (1/10 - 31/10),1,1,1,2024-10-12,2024-10-12,1,,58473
-2174,"Combo mua Nước xả vải Gift Mộng Mơ lưu hương bền lâu túi 3,2kg tặng Nước giặt Gift Hương nước hoa Ambery túi 3.6kg",1,1,1,2025-03-21,2025-03-21,1,,58510
-1666,Combo 3 hộp TPBVSK: Nước uống đẹp da EX PLACENTA Itoh 50mlx10,1,1,1,2025-01-05,2025-01-05,1,,59732
-2355,Combo 3 hộp TPBVSK: Nước uống đẹp da EX PLACENTA Itoh 50mlx10,1,1,1,2025-05-11,2025-05-11,1,,59732
-3584,"Combo siêu tiết kiệm 3 hộp TPBVSK: Nước uống Ex Placenta Itoh 50mlx10 chai, giảm lão hóa, làm đẹp da",1,1,1,2025-12-25,2025-12-25,1,,59732
-4108,Combo siêu tiết kiệm 3 hộp TPBVSK: Nước uống đẹp da EX PLACENTA Itoh 50mlx10,1,1,1,2026-01-23,2026-01-23,1,,59732
48776,HACHI GIỚI THIỆU: DỌN NHÀ ĐÓN TẾT (2/12 - 1/1/2025),1,1,1,2024-12-03,2024-12-03,1,,60105
49317,ĐẠI TIỆC SINH NHẬT (14/8 - 31/8),1,1,1,2025-08-23,2025-08-23,1,,60426
49319,ĐẠI TIỆC SINH NHẬT (14/8-31/8),1,1,1,2025-08-23,2025-08-23,1,,60426
49369,LỄ HỘI ĐỒNG GIÁ (16/9 - 30/9),1,1,1,2025-09-29,2025-09-29,1,,60454
49576,(16.01~31.01) HC3 THANH LY 01.2026 LAN 2,1,1,1,2026-01-24,2026-01-24,1,,60454
-2871,Combo MUA 1 TẶNG 1 TPBS: Nước uống Collagen Nhật Bản Kenkogen 100mlx10 chai,1,1,1,2025-10-13,2025-10-13,1,,61433
-4155,Combo siêu hời mua 1 hộp tặng 1 hộp Thực phẩm bổ sung: Nước uống Collagen Nhật Bản Kenkogen 100mlx10 chai,1,1,1,2026-01-16,2026-01-16,1,,61433